,title,account
0,Chat saying Aqua's fingers are fat ã€Hololive/ENG Subã€‘,Hololive are Idols [Translation]
1,A-chan performs her greeting that was made by Nene [Hololive/Eng sub],Sushi [Hololive and Vtubers]
2,Watame Asked Overseas Viewers An Embarrassing Question...ã€ENG Sub/Hololiveã€‘,Vtube Tengoku
3,Pekora's mama got very surprised at Pekora getting up so early in the morning [Hololive/Eng sub],Sushi [Hololive and Vtubers]
4,[ENG SUB] Aqua wants to shut Shion up.,Akihabara Translations [Hololive & Vtubers]
5,"Aqua received an adorable couple tea set from Shion after accomplishing ""Solo Master Challenge""",Sushi [Hololive and Vtubers]
6,Aqua heard that her panties were exposed in HoloGra [Hololive/Eng sub],Sushi [Hololive and Vtubers]
7,Chloe Gets Business Friend-Zoned By Lui In Front Of Noel & Flare and its HILARIOUSã€ENG Sub/Hololiveã€‘,Vtube Tengoku
8,"Nene and Polka want Lamy to say ""WAMY"" so badly [Hololive/Eng sub]",Sushi [Hololive and Vtubers]
9,"Polka casually says ""The moon looks beautiful"" but Nene takes it in a different meaning [Hololive]",Sushi [Hololive and Vtubers]
10,WAMY...!!! [Momosuzu Nene/Hololive],Sushi [Hololive and Vtubers]
11,Don't Call Suisei An Auntie... (Hoshimachi Suisei / Hololive) [Eng Subs],Yura
12,Miko just singing Stellar Stellar ã€Hololive/ENG Subã€‘,Hololive are Idols [Translation]
13,Nene will do anything to bring Aqua out for a dinner ã€Hololive/ENG Subã€‘,Hololive are Idols [Translation]
14,Aqua doing the opening dance for Sencho. [Animated Hololive/Eng sub][Minato Aqua/Houshou Marine],YASU [Animated Hololive]
15,Aqua learned that she's popular among Korean viewers as a Korean seaweed woman [Hololive/Eng sub],Sushi [Hololive and Vtubers]
16,"Nene asks Aqua to play Apex together, but she got indirectly rejected [Hololive/Eng sub]",Sushi [Hololive and Vtubers]
17,"After terrorising everyone, Pekora learns the hard way why Aki shouldnt be messed with",Neko Mikuri å¯è¾¼ã¿ãã‚Š
18,Korone becomes a bus driver and talks with customers in English [Hololive/Eng sub],Sushi [Hololive and Vtubers]
19,Rushia Tries to Seduce Female Fan After Finding Yuri Manga In Her Roomã€Hololive | Eng Subã€‘,OtakMori Translations - VTubers
20,Botan tries to surprise Nene but accidentally kills her unintentionally [Hololive/Eng sub],Sushi [Hololive and Vtubers]
21,holoX's Improvised Skit is Complete Utter Chaos [MikKorone Ad-Lib Theatre ENG Subbed Hololive],owlmi Holo ENG Subs
22,"Aqua doesn't know how to buy a ticket, so Mio helped her ã€Hololive/ENG Subã€‘",Hololive are Idols [Translation]
23,Aqua Gives Overseas Bro The Skin He Asked For - Apex Legends ã€ENG Sub Hololiveã€‘,holoyume - VTuber ENG Subs ãƒ›ãƒ­å¤¢
24,Botan and Polka Scold Nene For Unwrapping Food and Eating Loudly During Stream ã€ENG Sub/Hololiveã€‘,Vtube Tengoku
25,Luna Getting Embarrassed After Subaru Compliments Her Is Just ADORABLE ã€ENG Sub/Hololiveã€‘,Vtube Tengoku
26,Aqua Happily Shows The Movement Technique She Learned In APEX ã€ENG Sub Hololiveã€‘,holoyume - VTuber ENG Subs ãƒ›ãƒ­å¤¢
27,Aqua Still Unconsciously Opens Her Mouth While Playing APEX ã€ENG Sub Hololiveã€‘,holoyume - VTuber ENG Subs ãƒ›ãƒ­å¤¢
28,"Aqua rage quit, because she couldn't get 1st place to talk ã€Hololive/ENG Subã€‘",Hololive are Idols [Translation]
29,Ui wants to jump in a cute way like Subaruã€Ui Shigure/Vtuber Clipã€‘,Hololive Selectionsã€Hololive Clipã€‘
30,"Laplus's Still a Brat, even with Senpais",KAI_EN
31,Aqua won't admit that she sneezed ã€Hololive/ENG Subã€‘,Hololive are Idols [Translation]
32,Pekora's viewers get click-baited by Pekora's lewd thumbnail [Hololive/Eng sub],Sushi [Hololive and Vtubers]
33,Suisei's cuteness on an interview,Holomeme shroom
34,Aqua Smells Shion and Grosses Her Out ã€ENG Sub/Hololiveã€‘,Vtube Tengoku
35,Korone looks at Okayu but taco bell,B.N. Lassiter
36,"""it wasn't Mikochi"" [Nekomata Okayu / Hololive]",jiyou3 TLs
37,Korone Won't Stop Smacking Pekora's Butt [Hololive],JShay Translations
38,Aqua slips in an impromptu rap at the start of the new yearã€Hololive AnimatedClip/Eng subã€‘,momonofu EN
39,Nene Looks Like a Seal When Her Eyes Are Closed ã€ENG Sub/Hololiveã€‘,Vtube Tengoku
40,Laplus won't admit she cares about her friends [ENG Subbed Hololive],owlmi Holo ENG Subs
41,Oh no! Oh no! Oh my gah!,Kopla Vtuber Clips
42,Marine is testing how far she can go with Ayame by asking sensitive questions [Eng sub],LachsBoySubs
43,Nene meets a guy from hamburger country,Kopla Vtuber Clips
44,Suisei thinks of a new greeting for Rushia [Hololive/Eng sub],Sushi [Hololive and Vtubers]
45,Aqua unexpectedly learns that she's no longer the boss [Hololive/Eng sub],Sushi [Hololive and Vtubers]
46,Gen 5's Hilarious Improvised Skit in MikKorone Ad-Lib Theatre [ENG Subbed Hololive],owlmi Holo ENG Subs
47,Luna wants Subaru to kiss her.ã€Animated Hololive/Eng subã€‘ã€Subaru/Luna/Botan/Chocoã€‘,HoloNUKINO. EN
48,"Subaru Tells Laplus ""I Love You"" But Gets REJECTED In The Cheekiest Way Possible ã€ENG Sub/Hololiveã€‘",Vtube Tengoku
49,"Korone Pulls a UNO Reverse Card When Pekora Called Her ""Senpai"" Instead of ""Koro-san"" [Hololive]",JShay Translations
50,ğŠğ®ğ¬ğ¨ğ ğšğ¤ğ¢ ğ„ğ§ğğ«ğ ğ² ğˆğ§ğ­ğğ§ğ¬ğ¢ğŸğ¢ğğ¬ [Animated Hololive/Eng sub][Murasaki Shion/Momosuzu Nene],Tripl3 [EN sub]
51,"Kronii talks with Subaru for the first time, but kronii has entered a comedian mode[Animation/ENsub]",Tripl3 [EN sub]
52,Okayu canâ€™t gaze into Subaru's eyes even for 3 seconds.ã€Animated Hololive/Eng subã€‘ã€Subaru/Okayu/Mioã€‘,HoloNUKINO. EN
53,"Aqua Baqua Moment, The Escape Artist...She Just Have Enough of Minecraft",Noises V
54,Aqua Is Baffled By Choco's House & Realizes She's Been Left Behind In Minecraft ã€ENG Sub Hololiveã€‘,holoyume - VTuber ENG Subs ãƒ›ãƒ­å¤¢
55,"NEGIâ˜†U's Party: First/Current Impression, Friends, Aqua's No.1 Fan, Gifts Exchange, etc.",Hololive are Idols [Translation]
56,"Laplus uses ""Sama"" again and she gets scolded by Towa [Hololive/Eng sub]",Sushi [Hololive and Vtubers]
57,"Chloe Calls Rushia ""Mama"" But Gets Immediately REJECTED ã€ENG Sub/Hololiveã€‘",Vtube Tengoku
58,Watame Caught Calliope Saying Bad Word During Her Jump King Stream ã€ENG Sub/Hololiveã€‘,Vtube Tengoku
59,NEGIâ˜†U Debate Club: Baqua Strikes Back ã€Hololive/ENG Subã€‘,Hololive are Idols [Translation]
60,"Subaru Sitting On Vibrating Machine and Saying ""KaMeHaMeHa"" Sounds HILARIOUS ã€ENG Sub/Hololiveã€‘",Vtube Tengoku
61,"Chloe's Reaction to Lui Saying They're ""Business Friends"" is Priceless ã€ENG Sub/Hololiveã€‘",Vtube Tengoku
62,Calliope Didn't Know We Could Hear Her... ã€ENG Sub/Hololiveã€‘,Vtube Tengoku
63,Matsuri played one round as Aqua in APEX ã€Hololive/ENG Subã€‘,Hololive are Idols [Translation]
64,Botan Mistook Usadapekora as Supernenechi When Nenechi was Asking for Help on Holo Server,Kiriku Translation
65,Choco-sensei had a date with Aqua and helped her with choosing outfits ã€Hololive/ENG Subã€‘,Hololive are Idols [Translation]
66,Laplus gets impatient when the original appears during Subaru's imitationã€Hololive AnimatedClipã€‘,momonofu EN
67,Korone really wants to get closer with Aqua ã€Hololive/ENG Subã€‘,Hololive are Idols [Translation]
68,"Nene taking over AKUKIN, but didn't know about their dire situation at all ã€Hololive/ENG Subã€‘",Hololive are Idols [Translation]
69,"Marine Tries Saying Chloe's ""Poe Poe Poe"" But Chat Tells Her To Stop ã€ENG Sub/Hololiveã€‘",Vtube Tengoku
70,Iroha got very surprised by the size of Noel's real boing boing [Hololive/Eng sub],Sushi [Hololive and Vtubers]
71,Aqua changed her IG-name in Mario Kart to SA ã€Hololive/ENG Subã€‘,Hololive are Idols [Translation]
72,Subaru Hijacks Miko's Body During Korone & Mikos' 24-Hour Stream [Hololive],JShay Translations
73,Nene made Aqua to do a joke in front of MiKorone ã€Hololive/ENG Subã€‘,Hololive are Idols [Translation]
74,Nene and Subaru force Aqua to say something very funny [Hololive/Eng sub],Sushi [Hololive and Vtubers]
75,Shion can't stop laughing at ingenious comment that almost sounds like sexual harrassment [Hololive],Sushi [Hololive and Vtubers]
76,Laplus Couldn't Hide Her Shyness Being Praised By Both Korone & Miko,Hololive Clips
77,"Laplus Admires Botan's ""Cloak"" And Wants One Too - Minecraft 6th Gen ã€ENG Sub Hololiveã€‘",holoyume - VTuber ENG Subs ãƒ›ãƒ­å¤¢
78,holoX members start having a ugly fight because of Pekora [Hololive/Eng sub],Sushi [Hololive and Vtubers]
79,Subaru appears after Laplus imitating Subaru [Hololive/Eng sub],Sushi [Hololive and Vtubers]
80,6th Gen Tries Pekora & Botan's DEADLY MINIGAMES in Minecraft - Laplus POV ã€ENG Sub Hololiveã€‘,holoyume - VTuber ENG Subs ãƒ›ãƒ­å¤¢
81,Laplus dies in the lava then everyone starts taking a photo with her belongings [Hololive/Eng sub],Sushi [Hololive and Vtubers]
82,Everyone enjoys looking at Laplus eating Ramen and she gets embarrassed [Hololive/Eng sub],Sushi [Hololive and Vtubers]
83,Aqua and Shion losing a Kanji battle against Luna ã€Hololive/ENG Subã€‘,Hololive are Idols [Translation]
84,Towa gets surprised at how Laplus usually ends her stream [Hololive/Eng sub],Sushi [Hololive and Vtubers]
85,Subaru finds out that Noel is a fan of hers.ã€Animated Hololive/Eng subã€‘ã€Subaru/Noel/Marineã€‘,HoloNUKINO. EN
86,"MiKorone and HoloEN Telephone Game All Round Elite English!!!!!!!!! (Gura, Ame, Kiara, Kronii)",Noises V
87,Laplus & Iroha Mock Each Other Entire Race But Laplus Loses & Throws A Tantrum,Hololive Clips
88,"Ayame thought she needs to hug Subaru, but it was actually Aqua ã€Hololive/ENG Subã€‘",Hololive are Idols [Translation]
89,Miko and Korone reveal that Laplus is a very well-behaved girl behind the scene [Hololive/Eng sub],Sushi [Hololive and Vtubers]
90,Sakamata Can't Stop Praising How Nice & Polite Laplus Is In Real Life,Hololive Clips
91,Rushia Gets Triggered By Laplus's Blatant Liesã€Hololive | Eng Subã€‘,OtakMori Translations - VTubers
92,Shion pushes off Laplus just right after starting the game [Hololive/Eng sub],Sushi [Hololive and Vtubers]
93,Subaru struggles to initiate the conversation with Gen 2 Aqua Shion [Hololive/ENG Sub],Gundamfinal
94,"Sora throws the phrase ""You're my enemy"" to Aqua introducing herself as ""Hololive Resistance""",Sushi [Hololive and Vtubers]
95,6th Gen Aqua YO-san gets overwhelmed by Subaru's and Nene's super extroverted vibes [Hololive],Sushi [Hololive and Vtubers]
96,Aqua teaches some English words for her viewer who wants to make a speech about her [Hololive],Sushi [Hololive and Vtubers]
97,Nene and Subaru suddenly start sniffing inside Aqua's wardrobe [Hololive/Eng sub],Sushi [Hololive and Vtubers]
98,Nene tries to sniff Subaru's crotch [Hololive/Eng sub],Sushi [Hololive and Vtubers]
99,ã€Hoshimachi Suisei x Minato Aquaã€‘Arguing who is the senpaiã€Hololiveã€‘ã€Eng Subã€‘,Ritsu
100,Aqua wants what Subaru's wearing right now as Grand Prize ã€Hololive/ENG Subã€‘,Hololive are Idols [Translation]
101,Socially awkward Aqua called out and forced to talk by Sasaki Saku,Neko Mikuri å¯è¾¼ã¿ãã‚Š
102,Nene and Aqua talk like hellã€Hololive AnimatedClip/Eng subã€‘ã€Minato Aqua/Momosuzu Nene/OozoraSubaru ã€‘,momonofu EN
103,Sakamata Takes Her Sweet Revenge On Lui But Instantly Regrets,Hololive Clips
104,Ui mama knows about Watame shooting Ui Beam so many times recently [Hololive/Eng sub],Sushi [Hololive and Vtubers]
105,Laplus Plays The Abusive Boyfriend But Soon After Becomes A Masochist,Hololive Clips
106,Shion and Laplus can't stop provoking each other during their introduction [Hololive/Eng sub],Sushi [Hololive and Vtubers]
107,Lapulus buries Shion in the ground while she's AFK [Hololive/Eng sub],Sushi [Hololive and Vtubers]
108,Nene starts saying a naughty joke happily in front of so many members during the official stream,Sushi [Hololive and Vtubers]
109,Angry Orca!!!,hololamp
110,"Rushia thinks Laplus is ""Chuuni byou"" after hearing Laplus's singature greeting [Hololive/Eng sub]",Sushi [Hololive and Vtubers]
111,Aqua imitates Ayame in front of Ayame but she gets scolded [Hololive/Eng sub],Sushi [Hololive and Vtubers]
112,"Pekora thinks of releasing her anthology, but she gets completely denied by Marine [Hololive]",Sushi [Hololive and Vtubers]
113,Laplus starts streaming while Shion is still in the washroom [Hololive/Eng sub],Sushi [Hololive and Vtubers]
114,Marine Talks About how She Didnt Understand English Conversations in their Collab (Turn on CC),Hensei Productions
115,Botan Brings Nenechi to Fight Lamy In Pokemon Battleã€Hololive Eng Subã€‘,Kiriku Translation
116,"Imposter ""Laplus"" getting trapped alone [Hololive/Eng sub]",Sushi [Hololive and Vtubers]
117,Laplus Makes Fun Of Miko & They Start Bickering Like Kids,Hololive Clips
118,Morning routine of the Big Brain & the Pink Brainã€Hololive Clip/Laplus Darkness/KoyoriHakui/holoXã€‘,Hololive Selectionsã€Hololive Clipã€‘
119,YES MY DARK!,Spaghett Ch.
120,Ui mama lost her emotion [Vtuber/Eng sub],Sushi [Hololive and Vtubers]
121,Laplus Can't Stop Laughing While Koyori & Iroha Suffers In Her Dirty Room,Hololive Clips
122,ã€Hololive JPã€‘Had hard time on deciding their gen. nameã€Eng Subã€‘,Galaxy VTuber Translations
123,"Subaru, Shion, Aqua, Ayame & Choco Answer ""Who Would You Want Date If You Were A Boy""ã€Hololive Engã€‘",Kiriku Translation
124,"Noel rejects to say ""Yes My Dark"" after asking about Laplus's greeting [Hololive/Eng sub]",Sushi [Hololive and Vtubers]
125,Pekora seduced Marine by using color tricksã€Hololive AnimatedClip/Eng subã€‘ã€Pekora/Marineã€‘,momonofu EN
126,"Senchou Gets Called â€œThirties-year-oldâ€ by Aqua, Who She Gave Birth toã€Hololive Animated Clip /Engã€‘",momonofu EN
127,Korone is caught off guard by Ayame's surprise attackã€Hololive AnimatedClip/Eng subã€‘ã€Korone/ Ayameã€‘,momonofu EN
128,Princess Luna suddenly becomes the directorã€Hololive AnimatedClip/Eng subã€‘ã€Luna/Botan/Subaruã€‘,momonofu EN
129,Flare is now suspected of carrying pants on a regular basisã€Hololive AnimatedClip/Eng subã€‘,momonofu EN
130,"Pekora's greeting sounds like almonds to me, Towaã€Hololive AnimatedClip/Eng subã€‘ã€Pekora/Towa/Botanã€‘",momonofu EN
131,"Towa VS Laplus, The Battle To Defend Their Name!!!! (All Highlights Game)",Noises V
132,"Laplus clicks her tongue when she reads an unforgivable comment, but makes a cute cover-upã€Eng subã€‘",momonofu EN
133,"Aqua can no longer say anything but ""yes"" to Suisei's unstoppable advancesã€Hololive AnimatedClipã€‘",momonofu EN
134,Aqua try her best to Play with IRyS for the first time and Polka but it goes really cute!!!!,Noises V
135,æˆ‘çœ‹ä¸åˆ°ä½ çš„è²¢ç»/I haven't see your contributionã€Š hololive Animation ã€‹,Superapplemanè¶…ç´šè˜‹æœäºº
136,ç‚ºä»€éº¼æ®­å±åœ¨æˆ‘çš„è“æœ/Why are zombies in mine berries ã€Š hololive Animation ã€‹,Superapplemanè¶…ç´šè˜‹æœäºº
137,Duolingo seems to prefer Orcas over Cats...,Neka Ch.
138,Nene Got something interesting to say to overseas bros,Kopla Vtuber Clips
139,Laplus Doesn't Do Science,Hololive Clips
140,Sakamata Chloe talks about being a problem child [Hololive / Eng sub],azuki translates
141,"Nene and Shion try to block viewers who complain ""It's too late to put cheese"" [Hololive/Eng sub]",Sushi [Hololive and Vtubers]
142,Sakamata Chloe without context,electricsandwarr ch.
143,Lui and Laplus provoke Chloe so much [Hololive/Eng sub],Sushi [Hololive and Vtubers]
144,"Lui accidentally makes Laplus disappear after receiving a comment ""Horns are blocking the screen""",Sushi [Hololive and Vtubers]
145,Miko Reacts to Aqua's Items ã€HOLOLIVEã€‘ã€ENG SUBã€‘,V Clip n' Subs
146,Sakamata Tries To Lecture Chat About Bathwater But She's A Degen Too,Hololive Clips
147,Pekora practices Engrish as she lures the EN server to get TNT launched,Neko Mikuri å¯è¾¼ã¿ãã‚Š
148,"Can Bae, The Chaotic Rat Beat Pekora, The Lucky Rabbit???? Bae VS Pekora [All Game Ending]",Noises V
149,"Chloe's viewers start feeling annoyed after hearing Chloe's cute ""Poi Poi Poi"" [Hololive/Eng sub]",Sushi [Hololive and Vtubers]
150,Marine Dislikes Mindless Battles but Likes Dragon Ball + Favorite DBZ Scenes [ENG sub] [Hololive],ShabbySubz
151,"Laplus can beatbox with the best of them, but she still fears the Reaper [hololive/engsub]",Maple Leaf Translations
152,Subaru Keeps Rubbing Miko and Mio With Her Cold Feet During Their Hot Springs Tripã€ENG Sub/Hololiveã€‘,Vtube Tengoku
153,Pekora's Reaction To Losing Her Graveler is HILARIOUS ã€ENG Sub/Hololiveã€‘,Vtube Tengoku
154,IRyS Catches Watame and Fauna Flirting and Gets ANGYã€ENG Sub/Hololiveã€‘,Vtube Tengoku
155,"Miko calls Laplus ""YamaDarkness"" [Hololive/Eng sub]",Sushi [Hololive and Vtubers]
156,Miko & Luna's Exact Opposite Reactions To Purugly,Hololive Clips
157,"Marine is Way Too Amused By How Korone Tries to Read ""LOL"" [Eng Sub/Hololive]",JShay Translations
158,Subaru Speaking English While Driving A Bus Is Too Cute ã€ENG Sub/Hololiveã€‘,Vtube Tengoku
159,Aqua wants to ask YAGOO to dance Aqua Iro Palette [Hololive/Eng sub],Sushi [Hololive and Vtubers]
160,Aqua ASMR (?) ã€Hololive/ENG Subã€‘,Hololive are Idols [Translation]
161,"Polka Names Her Dialga ""Kronii"" ã€ENG Sub/Hololiveã€‘",Vtube Tengoku
162,Pekora's Reaction To Glameow Evolving Into Purugly Is Priceless ã€ENG Sub/Hololiveã€‘,Vtube Tengoku
163,"Rushia Says She Likes Being Told Boing Boing, 3rd Gen Falls Silent - Q&A Collab ã€ENG Sub Hololiveã€‘",holoyume - VTuber ENG Subs ãƒ›ãƒ­å¤¢
164,Marine defends Goku for giving Cell a Senzu bean [Hololive],ShabbySubz
165,Rushia kept on imitating Pekora every time goes to the bathroom,Nousagi TL
166,Pekora Cant Stop Laughing At Towa Middle Name | Minecraft [Hololive/Eng Sub],Hololive Cut
167,Haachama can't stop laughing at Watame's move while playing Tsunomaki janken [Hololive/Eng sub],Sushi [Hololive and Vtubers]
168,Lamy thought Kanata's pajamas were Kanata's usual attire[Animated Hololive/Eng sub],Mochimiko_EN
169,Okayu Trolls Pekora In Cute English After Being Caught Eating Rabbit Meat ã€ENG Sub/Hololiveã€‘,Vtube Tengoku
170,Nene tries to be naked after receiving too many big amount of superchats [Hololive/Eng sub],Sushi [Hololive and Vtubers]
171,Nene Consults With Zawa-mama About Her Lack Of Lewd Fanarts,Hololive Clips
172,"Gura Pushes Shion To Her Death, and Aqua Loots Her Dead Body ã€ENG Sub/Hololiveã€‘",Vtube Tengoku
173,"Team White B biggest worry is, if they can get up on time or not ã€Hololive/ENG Subã€‘",Hololive are Idols [Translation]
174,Pekora Is Amazed By IRyS`s English Fluency ã€ENG Sub/Hololiveã€‘,Vtube Tengoku
175,"Watame and Towa playfully makes fun of Pekora's ""Almond"" [Hololive/Eng sub]",Sushi [Hololive and Vtubers]
176,Subaru notices that Luna's haircut looks like a crew hairstyle [Hololive/Eng sub],Sushi [Hololive and Vtubers]
177,Pekora Beats Up Her Teammates For Laughing At Her,Hololive Clips
178,Aqua gets overwhelmed by extroversion vibes [Hololive/Eng sub],Sushi [Hololive and Vtubers]
179,Aqua and Shion fight over their character's colour [Hololive/Eng sub],Sushi [Hololive and Vtubers]
180,Aqua gets surrounded by so many fake Aqua [Hololive/Eng sub],Sushi [Hololive and Vtubers]
181,Aqua trying to do her task with Shion and Lamy disrupting her with noisesã€Hololive/ENG Subã€‘,Hololive are Idols [Translation]
182,Ui Mama Notices Secret Message In a Viewer's Marshmallow ã€ENG Subã€‘,Vtube Tengoku
183,Pekora gets surprised after seeing her OP theme that was made by using Excel Sheet[Hololive/Eng sub],Sushi [Hololive and Vtubers]
184,Gura and Ina fighting for Marineã€Animated Hololive/Eng subã€‘,Tempura_EN
185,Suisei's Powerful English [Animated Hololive/Eng sub][Hoshimachi Suisei],Tripl3 [EN sub]
186,"Subaru reveals ""Aqua's bikini"" and Aqua was stopping her ã€Hololive/ENG Subã€‘",Hololive are Idols [Translation]
187,The story of Minato no Aquaã€Hololive/ENG Subã€‘,Hololive are Idols [Translation]
188,HoloEN Server became a Dating Spot [ENG Subbed Hololive / Hoshimachi Suisei],owlmi Holo ENG Subs
189,Aqua and Marine can't stop roasting each other[Animated Hololive/Eng sub],Mochimiko_EN
190,Aqua goes crazy at the sudden appearance of Haachamaã€Hololive Animated Clip /Eng subã€‘ã€Marine /Aquaã€‘,momonofu EN
191,Aqua's oppai mousepads got sold out immediately [Hololive/Eng sub],Sushi [Hololive and Vtubers]
192,Towa-sama made a witty comeback [Animated Hololive/Eng sub][Tokoyami Towa/Houshou Marine],ã¨ã‚Šã·ã‚‹ / Tripl3
193,"Aqua, Shion and Ayame were doing everything except their works ã€Hololive/Manjigumiã€‘",Hololive are Idols [Translation]
194,"Pekora saw a clip which Gura saying ""I'm scared of Pekora coming to EN server"" [Hololive]",Sushi [Hololive and Vtubers]
195,ğŸ“‰ğŸ“‰ Not Stonks! Pekora's Failure Attempt on Stock Trading in GTA V,Jibrilia
196,Miko Scares Polka and Flare With Her Suisei Impressionã€ENG Sub/Hololiveã€‘,Vtube Tengoku
197,Aqua is not a maid...?[Animated Hololive/Eng sub][Minato Aqua/Murasaki Shion],ã¨ã‚Šã·ã‚‹ / Tripl3
198,Watame having to much fun while Towa is suffering,Hololive moments I think about a lot
199,Marine and Aqua teach Japanese to Gura and they die from her cuteness overload! [Hololive/Eng sub],Sushi [Hololive and Vtubers]
200,Even 35Ps in the Cafe couldn't catch what Miko was saying [Hololive/Eng sub],Sushi [Hololive and Vtubers]
201,Parapa paraparapa paraparapa paraparapa,Kopla Vtuber Clips
202,Wah~,Kopla Vtuber Clips
203,Nene wants to â€˜decorateâ€™ Lamyâ€™s Fishing Pond [hololive/engsub],Maple Leaf Translations
204,Watame's PERFECT english is too much for my kokoro,Hololive moments I think about a lot
205,Shion didn't know that Gura can't swim [Hololive/Eng sub],Sushi [Hololive and Vtubers]
206,Nene gets a lot of power by wearing Lamy's panties on her head [Hololive/Eng sub],Sushi [Hololive and Vtubers]
207,á´…á´€á´…á´…Ê á´„ÊœÉªÊŸÊŸ,Soju Ch.ã‚½ã‚¸ãƒ¥ ç¿»è¨³è€…
208,IRyS gets told that her Japanese is better than Mikochi's [Hololive/Eng sub],Sushi [Hololive and Vtubers]
209,"Aqua found a viewer who uses ""PEKO"" [Hololive/Eng sub]",Sushi [Hololive and Vtubers]
210,Nene versus the Silverfish Menace [hololive/engsub],Maple Leaf Translations
211,Hardcore Minecraft is TOO EASY for Nenechi [hololive/engsub],Maple Leaf Translations
212,"Pekora Trying To Play With viewers, But They Keep Messing With Her",DiGiorno DiGiovanna
213,"Aqua can't pronounce ""South"" and it ends up ""Sauce"" [Hololive/Eng sub]",Sushi [Hololive and Vtubers]
214,"Matsuri imitates ""Aqua drowning in the water"" for Aqua [Hololive/Eng sub]",Sushi [Hololive and Vtubers]
215,What the f*ck just happened-,BiggZim Ch.
216,"Matsuri Slaps Lamy's Boobs ft. Nene, Fubukiã€Hololive | Eng Subã€‘",OtakMori Translations - VTubers
217,Suisei asked C-shi for help to fix her new PC [Hololive/Eng sub],Sushi [Hololive and Vtubers]
218,Just Subaru being Subaru,BiggZim Ch.
219,Rushia can use HYPNOSIS! (Hololive 3rd host club -Rushia-),Am Holo
220,Marine enjoyed rubbing her butt legally with Pekora's butt [Hololive/Eng sub],Sushi [Hololive and Vtubers]
221,Korone's Perfect Imitation of Pekora,VTuber Animatics
222,"""OH MY GAH! IT'S BERRY BERRY CUTE!""",Vtuber Hole
223,Matsuri Beatboxes the PHub Drum Themeã€ENG Sub/Hololiveã€‘,Vtube Tengoku
224,Nene's maze makes Aqua to reveal color of her panties [Hololive/Eng sub],Sushi [Hololive and Vtubers]
225,She did it again...,Vtuber Hole
226,Aqua secretly records Shion's voice when Shion was talking about her impression of Aqua [Hololive],Sushi [Hololive and Vtubers]
227,Proof that Pekora is a ruthless war criminal,BiggZim Ch.
228,Shion imitates Aqua's movements because she likes her so muchã€Hololive Animated Clip /Eng subã€‘,momonofu EN
229,Pekora works in the HOST BAR!? Pekora's virginity HAZARD (Hololive 3rd host club -Pekora-),Am Holo
230,Hey Gura Listen (Hololive Fanimations),Yobio
231,Marine could not stop laughing at the Korone's extreme dance move and action [Hololive/Eng sub],Sushi [Hololive and Vtubers]
232,Sui-chan is~? ï¼¼IS SMALL AS ALWAYS~!ï¼ [Animated Hololive/Eng sub][Suisei/Miko/Flare],Tripl3 [EN sub]
233,Subaru found something really funny picture in Reddit [Hololive/Eng sub],Sushi [Hololive and Vtubers]
234,Suisei pretends she didn't pick up Miko's weapons and tries to steal them [Hololive/Eng sub],Sushi [Hololive and Vtubers]
235,Pro Minecraft Player Nene Momosuzu gives Flare the Oji Ogle [hololive/engsub],Maple Leaf Translations
236,"ã€Hololiveã€‘That Time Matsuri Got in a Game With Two Hololive Fans, But Things got Awkward..ã€Eng Subã€‘",Bakaga ã€Hololive Translationsã€‘
237,Nene puts pressure on Aqua who only looks at Subaru[Animated Hololive/Eng sub],Mochimiko_EN
238,Nene insists she understands a uniquely male Phenomenon [hololive/engsub],Maple Leaf Translations
239,That's a lot of shovels,Jeppeloni
240,1.2.3 - Nene,hololamp
241,Miko And Kanata Scam Each Other In Minecraftã€ENG Subã€‘ã€Amane Kanata/Sakura Miko/Hololiveã€‘,Holo Master
242,Korone recommends viewers to watch Gura-chan's clip and viewers get too excited [Hololive/Eng sub],Sushi [Hololive and Vtubers]
243,Divorce?,Kopla Vtuber Clips
244,Ina insists that she can put bubble tea on her boobs [Hololive/Eng sub],Sushi [Hololive and Vtubers]
245,Matsuri meets Lamy's fan in the game and puts him on pressure [Hololive/Eng sub],Sushi [Hololive and Vtubers]
246,"""Elytra"" is now a forbidden topic for Nene [ENG Subbed Hololive]",owlmi Holo ENG Subs
247,Polka winning EVERY argument with Marineã€Animated Hololive/Eng subã€‘,KAI_EN
248,"Pekora can't stop laughing at Luna who lost her remark phrase ""Nora"" [Hololive/Eng sub]",Sushi [Hololive and Vtubers]
249,Someone Asked Why Suisei is So Cuteã€Hololive | Hoshimachi Suiseiã€‘,OsekkaiãŠã›ã£ã‹ã„
250,Nene Learns a new English,Kopla Vtuber Clips
251,Nene calls the Overseas Bros for English help (Eng Subs | Hololive),Crisu
252,Miko Finds Henry Stickmin's Jojo Reference (Hololive) [English Subbed],-Double Negative-
253,(Usada Pekora POV) Hololive summer festival highlights,Neko Mikuri å¯è¾¼ã¿ãã‚Š
254,Korone Gets Angry While Playing Shion's Mario Maker Level [Eng Sub/Korone],JShay Translations
255,Marine Loses it at Broken Japanese in Henry Stickmin's Jojo's Reference (Hololive) [English Subbed],-Double Negative-
256,When Korone Finds Other Girl's Merch in her Viewers' Rooms [Eng Sub/Hololive],JShay Translations
257,Nene has a pleasant and not-at-all traumatizing Cave Diving Experience [hololive/engsub],Maple Leaf Translations
258,Kiryu Coco & Amane Kanata groom impressionable egirl Nenechi and send her lewd stuff (in minecraft),Neko Mikuri å¯è¾¼ã¿ãã‚Š
259,"Matsuri Makes Subaru Say ""I'm A Girl Too, You Know...?"" As Punishmentã€ENG Sub/Hololiveã€‘",Vtube Tengoku
260,Polka rages screencap spamming after finding Ina beside her [Hololive/Eng sub],Sushi [Hololive and Vtubers]
261,Korone Gets Henry Stickmin's Retro Room (Hololive) [English Subbed],-Double Negative-
262,"Gura got lost then, Nene and Polka pick her up [Hololive/Eng sub]",Sushi [Hololive and Vtubers]
263,ã€Hololiveã€‘Gura Laughing At Pekora's English When Talking For the First Timeã€Eng Subã€‘,OtakMori Translations - VTubers
264,When Korone Found the Mother 2 Reference in Henry Stickmin [Eng Sub/Hololive],JShay Translations
265,Operation SHIRYU (Hololive Animation),ã¨ã‚Šã·ã‚‹ / Tripl3
266,PEKORA TEACHES MOONA How to Bully Rushia in Japanese,Vtuber Hole
267,Rushia and The Electric Lie Detectorã€Hololive | Uruha Rushia x Houshou Marineã€‘,OsekkaiãŠã›ã£ã‹ã„
268,Hololive Members Say Pekora's New Greeting During Mario Kart Tournamentã€ENG Sub/Hololiveã€‘,Vtube Tengoku
269,Rushia shaking her hips,hololamp
270,Aqua's mouth gradually opensã€Hololive Animated Clip /Eng subã€‘ã€Minato Aquaã€‘,momonofu EN
271,Aqua Finds Out She's Not A Real Maid After Reading Her Official Profileã€ENG Sub/Hololiveã€‘,Vtube Tengoku
272,Detective Pekora found out about the Blackmarket ã€Hololive / English Subã€‘,Kawo Chann.
273,Suisei and Miko find Rushia and Kanata flirting in the chat [Hololive/Eng sub],Sushi [Hololive and Vtubers]
274,Nene gets carried and then dumped by an Apex Smurf [hololive/engsub],Maple Leaf Translations
275,Kanata introduces her Girlfriend to Coco[Animated Hololive/Eng sub][Kiryu Coco/Amane Kanata/Aqua],Mochimiko_EN
276,"Nene steals her Flatmates' wood, gets trampled by a Horse, and plants a Big Tree [hololive/engsub]",Maple Leaf Translations
277,"Shion learned that overseas viewers call her kick ""Kusogakick"" [Hololive/Eng sub]",Sushi [Hololive and Vtubers]
278,Towa Wiggle,Ara Ara Sayonara [Vtuber Clips]
279,ã€ENG SUBã€‘Confused Nene responds to a red SuperChat,VTuber for ALL
280,Chat makes Nene angry when they chose Yagoo over her,Pamomi Ch.
281,Pikamee is Overwhelmed by Klee's Cuteness in Genshin Impact,ClipChama
282,[ENG SUB] Aqua eats wasabi takoyaki! Sasaki pranks her then cries wolf! [Team NASS],Lilfishy
283,Pekora arrested Suichan's who broke into her houseã€Hololive/Eng subã€‘,Sushi [Hololive and Vtubers]
284,"Everyone Reactions to Pekora's New Pet feat. Noel, Rushia, Watame ã€Hololive / English Subã€‘",Kawo Chann.
285,Subaru Reacts To Henry Stickmin References (Hololive) [English Subbed],-Double Negative-
286,What Amelia did when Miko mentions HER OPPAI,Zell Ch.
287,Okayu Caught Korone Cheating with Nene (Hololive) [English Subbed],-Double Negative-
288,When Fubuki Understands The Henry Stickmin References (Hololive) [English Subbed],-Double Negative-
289,Shion and Nene meet for the first time and became BFFs [Animated Hololive/Eng sub],ã¨ã‚Šã·ã‚‹ / Tripl3
290,Kiara Reveals Her Homeland (Hololive) [English Subbed],-Double Negative-
291,Aqua wants to escort Ayame [Animated Hololive/Eng sub] [Minato Aqua/Nakiri Ayame],Mochimiko_EN
292,Nene failing to do basic things in Stardew Valley with Botan for 8 minutes (lots of wheezing),Neko Mikuri å¯è¾¼ã¿ãã‚Š
293,Oozora Subaru Screams Mikochi After Getting Blown Up by Creeeper [Hololive/ENG Sub],Gundamfinal
294,Henry Stickmin: Subaru Uses Matrix Skills to Escape Prison (Hololive) [English Subbed],-Double Negative-
295,Nene achieves Minecraft speeds that shouldnâ€™t even be possible [hololive/engsub],Maple Leaf Translations
296,Subaru Picks All The Stupidest Choices in Henry Stickmin (Hololive) [English Subbed],-Double Negative-
297,Non-stop brain dead talk between Aqua and Shion [Animated Hololive/Eng sub],ã¨ã‚Šã·ã‚‹ / Tripl3
298,Nene gets caught eating candy secretly by Matsuriã€Hololive/Eng subã€‘,Sushi [Hololive and Vtubers]
299,Suisei gets confused if Pekora is a commedian or an idolã€Hololive/Eng subã€‘,Sushi [Hololive and Vtubers]
300,"Ui mama has something to tell about the anime ""Osamake""ã€Vtuber/Eng subã€‘",Sushi [Hololive and Vtubers]
301,The reason why Korone often makes small things for her streamã€Hololive/Eng subã€‘,Sushi [Hololive and Vtubers]
302,Shigure Ui: Superchat Bullying [Eng Subs],Yura
303,Pikamee is fangirling because of Jojoã€#å¤©é‡ãƒ”ã‚«ãƒŸã‚£ã€‘,ãƒ¬ã‚¤Â·ãƒ©ã‚¤ãƒˆ -Raylight
304,"ã€ENG SUBã€‘Sasaki threatens Aqua to say â€œI love you""(offline collab)",VTuber for ALL
305,Interesting Relationship Beetween Towa and Her Juniors [Hololive/ENG SUB],INUGAMI - ZERO
306,The deals between Rushia and Polka with Mel as the witness -All POVS- ã€Hololive / English Subã€‘,Kawo Chann.
307,Luna frustrating Marine.ã€Animated Hololive/Eng subã€‘ã€Houshou Marine/Himemori Lunaã€‘,KAI_EN
308,Everyone is impressed by Moona construction skills feat. Usaken ã€Hololive / English Subã€‘,Kawo Chann.
309,Matsuri spoke the truth and reveal her real voice on purpose,Hololive Noises Ch.
310,"ã€ENG SUBã€‘Korone learns English slangs (lmao, yeet, pog, bruh)",VTuber for ALL
311,The quality of editing is too good and no one notices that Watame is existã€Hololive/Eng subã€‘,Sushi [Hololive and Vtubers]
312,KORONE IS JUST BREATHING,Vtuber Hole
313,"Coco imitates Pekora's laughter in front of Pekora, but it gets rejected!ã€Hololive/Eng subã€‘",Sushi [Hololive and Vtubers]
314,ğŸ¥¤,Vtuber Hole
315,Nene Dances To Make Towa Very Happy feat. Matsuri and Fubukiã€ENG Sub/Hololiveã€‘,Vtube Tengoku
316,Korone English is precious,Cawfee
317,"Towa gets extremely embarrassed after telling Nene ""I love you"" way too many timesã€Hololive/Eng subã€‘",Sushi [Hololive and Vtubers]
318,Matsuri insults Towa's Oppai while singing / Nene brags her big Oppaiã€Hololive/Eng subã€‘,Sushi [Hololive and Vtubers]
319,Hololive AMONG US 10th JP Collaboration ALL POV's ã€Part1/3ã€‘ ENG SUB,Saki Subs
320,Nene's viewer ascended because of her Perfect tongue twister,Kopla Vtuber Clips
321,Just korone saying what she hear,Kopla Vtuber Clips
322,"Inugami Korone, the way she says HÃ¤agen-Dazs with an accent. [hololive][EngSub]",holoism / hololive Clip
323,"""WHAT HAPPENED TO THE LESBIAN ??""",Kamitsurugi
324,Pikameeâ€™s Perfectly Cut Scream,bigballer 2 [VTuber Clips]
325,Hololive: The Blondes Among Us,yamete kudasubs
326,Aqua keep Auto Focus on Choco Sensei Cle*vage in recent 2nd Gen Gathering!!!!,Noises V
327,Marine Bought Aqua an R18 BL Doujinshi for a Gift Exchange [ENG],CMT
328,Suisei Scares Aqua By Asking Her Too Many Stuffsã€Hololive | Hoshimachi Suisei x Minato Aquaã€‘,OsekkaiãŠã›ã£ã‹ã„
329,"Miko Visits Her Own Free-chat, And Finds Out What Her Fans Are Really Like...ã€ Hololive/ Eng Sub ã€‘",Bakaga ã€Hololive Translationsã€‘
330,Mel imitates famous sexy female sound effect â€œWaaoâ€ã€Hololive/Eng subã€‘,Sushi [Hololive and Vtubers]
331,Aqua gets cornered by Matsuri and asks for help from Subaruã€Animated Hololive/Eng subã€‘ã€Minato Aquaã€‘,Mochimiko_EN
332,Aqua gives a lot of snacks to Miko who was sad and aloneã€Animated Hololive/Eng subã€‘ã€Minato Aquaã€‘,Mochimiko_EN
333,Mio reveals why she doesn't want to recognize Subaru as her daughterã€Hololive/Eng subã€‘,Sushi [Hololive and Vtubers]
334,Miko gets sudden discord call from Sora in the middle of a streamã€Hololive/Eng subã€‘,Sushi [Hololive and Vtubers]
335,Korone and Overseas Streamers [Eng Sub Inugami Korone/Hololive],cat-three ãã‚ƒã£ã¨ã™ã‚Šãƒ¼
336,ã€ENG Subã€‘Inugami Korone - Catches Viewer Watching Other Girls and Hunts Him Down To Apply Pressure,Vtube Tengoku
337,"Miko received a birthday surprise video from ""Michael De Santa"" GTA 5 (Ned Luke)ã€Hololive/Eng subã€‘",Sushi [Hololive and Vtubers]
338,Marine can't take Aqua's cutenessã€Animated Hololive/Eng subã€‘ã€Minato Aqua/Houshou Marineã€‘,Mochimiko_EN
339,[Eng sub]Aqua and Shion's sleepover. Shion being used as a hug pillow...And Mea's sleeping patterns.,ãƒã‚¤ãƒ¡ã‚¿
340,"Tomoshika uses inappropriate English, Pikamee tells her what it means; Tomoshika googles it to check",Neko Mikuri å¯è¾¼ã¿ãã‚Š
341,Kawaii Dance!ã€Uruha Rushiaã€‘,FuYo
342,ã€ENG Sub/Hololiveã€‘Inugami Korone - Get's Angry at Chat then Apologizes when realizes She Was Wrong,Vtube Tengoku
343,(ENG SUB) Noel was surprised at Pekora's real character when they met in real for the first time,Iroha Translation
344,AZKi Playing MineCraft for the First Time ever! Holo Server Seiso Duo!!! ã€Hololiveã€‘,Vtuber Clip & Subs Ch.
345,"Mio Reads Fans' Complaints About Korone, Okayu, and Subaru [Eng Sub/Hololive]",JShay Translations
346,Unusually angry Sora-chan - Tokino Sora - Azki - Tenjin Kotoneã€ Hololive â–· Eng subã€‘,Holo FAV clip
347,Pekora mama peeks Pekora through a door ã€Hololive/Eng subã€‘,Sushi [Hololive and Vtubers]
348,ã€ENG SUBã€‘Pekora corrects her fans about her official name,VTuber for ALL
349,ã€Hololiveã€‘Pekora's Secret Plan Not Progressing Well...ã€Minecraftã€‘ã€Eng Subã€‘,OtakMori Translations - VTubers
350,Sachiowo Is a toxic gamer,Sandman118
351,Amelia builds a snowman... it ends itself immediately.,dloow
352,Coco and Subaru Review Tummy Memes + Subaru Bottom Left? (Hololive) [ENG SUB],-Double Negative-
353,"Hololive's scatter plot, second half",veg peg
354,"Hololive's scatter plot, first half",veg peg
355,ã€English Subã€‘ Mel got busted when try to join Akukin Kensetsu ã€Hololiveã€‘,Kawo Chann.
356,"[Eng Sub] Polka get scolded unreasonably because Miko calls Sora ""Sui-chan"" (Sakura Miko)[Hololive]",Vtuber Collection
357,ã‚¬ãƒ³ã‚®ãƒãƒªFACEãƒ»ãƒ»ãƒ»ï¼Ÿ,Kanata Ch. å¤©éŸ³ã‹ãªãŸ
358,ã€Hololiveã€‘Pekora's Sacrifice Ritual (Chicken to Rose)ã€Minecraftã€‘ã€Eng Subã€‘,OtakMori Translations - VTubers
359,ã€Hololiveã€‘Mio & Coco: Reddit Meme Review Highlightsã€Eng Subã€‘,OtakMori Translations - VTubers
360,Sora's adorable english....,CHOCO VIRUS
361,"[Minecraft] Prankster Cat, Nekomata Okayu vs Hololive Members",Jin Teramachi / ç„¼ããŠã«ãã‚Š
362,Pure Mio Mama Reviews Degenerate Memes with Coco (Hololive) [ENG SUB],-Double Negative-
363,YOSHI!!!,Bakuretsu
364,Okayu Breaks Character & Freaks Out from Cicadas [ENG],CMT
365,"Pekora & Kiryu Coco read and translate Pekora's ""cragy"" English tweet.",Neko Mikuri å¯è¾¼ã¿ãã‚Š
366,ã€Reddit Meme Reviewã€‘Describe Hololive girls using anime [Coco and Pekora Part 2][EngSub],nendoro translate
367,[ENG SUB] Luna thought Tamaki was actually a girl,Spiritho
368,Shubaru hips too strong,Kopla Vtuber Clips
369,ã€ENG Subã€‘Oozora Subaru - Reveals Her Secret of How She Passed Her Hololive Auditionsã€Hololiveã€‘,Vtube Tengoku
370,"Shion Mutters ""44.5"" to Aqua (Aqua's Body Weight) [ENG]",CMT
371,ç´éŸ³ã¯ãƒãƒŠãƒŠã‚’é£Ÿã¹ãŸã„,con Ä‘á»‰ cá»§a kang saebyeok
372,Fubuki just shaking her hips,Kopla Vtuber Clips
373,Nya don't touch me,Kopla Vtuber Clips
374,Hololive girls cute dance,Kopla Vtuber Clips
375,AQUA POG POG DANCE!,Kamitsurugi
376,ã€ENGsubã€‘Aqua figuring out who is the real Marine,Vtuberç¿»è¨³ch.
377,Shion precious moment with Aqua,Kopla Vtuber Clips
378,Korone Goes Yandere because Shion Didn't Play with Her [English Subtitle],Yumemi Translations
379,Just two friends having fun,Kopla Vtuber Clips
380,Marine roasts Pekora with love compatibility test [Hololive/Eng Sub],nendoro translate
381,Marine and Pekora reveal relationships with members [Hololive/EngSub],nendoro translate
382,ã€ENG Subã€‘Shiranui Flare - Get's Caught Saying She Likes Polka...By Polka Polmao,Vtube Tengoku
383,"Okayu doesn't want to stay away from Korone,and Korone spoony on itã€Animated Hololive/Eng subã€‘",Mochimiko_EN
384,[OkaKoro] Okayu can't sleep because she misses Korone,Helio Translations
385,Ayame is Too Smart for Her Own Good [Among Us],Qinsu Subtitles
386,Korone has a quarrel with Siri,Kusaboke Translations
387,"Korone, Okayu, and Shion Torment Pekora With Nonstop Nuts [Reupload] [Eng Subs/Hololive]",JShay Translations
388,OKAYU HEADPATS KORONE,Kamitsurugi
389,[Nakiri Ayame] Ojou's first voice tweet,Yuuji Ch. ã‚†ã†ã˜
390,Miko and korone can't stop laughing after seeing the PP,Kopla Vtuber Clips
391,"[Eng Sub] Matsuri: ""Suisei's feet smelled so good"" (Natsuiro Matsuri/Hoshimachi Suisei)[Hololive]",Vtuber Collection
392,Lolimachi Suisei and Anemachi,Doing My best
393,Marine Tries to Lock Shion in Iofi's S*x Dungeon as Punishment for Leaving Akukin Construction [ENG],CMT
394,Rushia accidentally stumbles upon Pekora and Miko flirting with each other (Hololive English Sub),TeeTeeSubs
395,Amelia Watson makes fun of backseat gamers,Anti
396,"""Korone Hotel"" first customer and victim",Jibrilia
397,thank you so much for watching today - tmsk,wow?
398,Ina uses her one braincell,Anti
399,Polka dropping the C word to Fubuki,Kopla Vtuber Clips
400,Kuudere Korone tries to talk to Okayu (Okakoro Moments),Jibrilia
401,"Korone Pekora Nonstop Nut Escalation, KoroPeko Collab in a Nutshell [Eng Subs/Hololive]",JShay Translations
402,"Marine desperately looks for girls to kiss her at 1:00AM (ft. Kiara, Rushia, Shion)",blub
403,ã€ENG SUBã€‘Korone finds English tongue twister,VTuber for ALL
404,Aqua Introduce Herself 3 times on Hololive Live Concert PVã€ENG SUBã€‘ã€Hololiveã€‘,Kusa Translation
405,Adorable Korone tries to speak only in Englishã€Hololive/Eng subã€‘ã€Inugami Koroneã€‘ã€æˆŒç¥ã“ã‚ã­/ãƒ›ãƒ­ãƒ©ã‚¤ãƒ–ã€‘,Sushi [Hololive and Vtubers]
406,[Shigure Ui] Shigure Ui Rejects You in English.,Megu Min
407,Natsuiro Matsuri/Hoshimati Suisei - Shake Hip! Shake Hip!,TOKI Vtuber Clips
408,A Very Drunk Korone Falls Asleep Mid-Stream [Drunk Hololive Among Us Christmas/Eng Subs],JShay Translations
409,Fubuki bounce and watame boing,Kopla Vtuber Clips
410,"Lamy considers moving to the HoloHouse, but she has too many bottles",blub
411,"Kiara make Shion choose between OKAYU, KORONE, or AQUA, Holotalk Speed Question",Noises V
412,Ojou's Anime List | Nakiri Ayame's Anime Listã€ENG SUBã€‘ã€Hololiveã€‘,Kusa Translation
413,[Eng Sub] Flare talks about Holo member's breast size (Shiranui Flare)[Hololive],Vtuber Collection
414,Korone gets scared by SOAP,Kamitsurugi
415,Fubuki creates a MMD and it's FANTASTIC!,Kamitsurugi
416,[Volume Warning] Aqua isn't a real maid...?,blub
417,"Pekora Broke Her Glasses. Yes, She's Wearing Glassesã€ENG SUBã€‘ã€Hololiveã€‘",Kusa Translation
418,Okayu got a Graph of her Average Piss Timing from 48 Streams (1.57h)[ENG],CMT
419,Hololive English Telephone Game Highlight [English Subtitle],Yumemi Translations
420,ã€ENG SUBã€‘Pekora protects Botan from Marine (Hololive Sports Festival Practice),VTuber for ALL
421,Miko and korone the ghost buddies,Kopla Vtuber Clips
422,Okayu giving korone phobia,Kopla Vtuber Clips
423,ã€Hololiveã€‘Miko's New Elite 3D Model Reveal ft. Pekoraã€Eng Subã€‘,OtakMori Translations - VTubers
424,Miko New 3D Model Fooling Around with Pekora For 10 mins ã€Hololive English Subã€‘,Hensei Productions
425,ã€Hololiveã€‘Pekora & Subaru: Christmas Prank War!!!ã€Minecraftã€‘ã€Eng Subã€‘,OtakMori Translations - VTubers
426,Hoshimachi Suisei - The two greatest wall,TOKI Vtuber Clips
427,Watame got a nice view,Kopla Vtuber Clips
428,ã€Hololive/Eng subã€‘Cute AyaSuba TeTe momentã€Oozora Subaru/Nakiri Ayameã€‘,Sushi [Hololive and Vtubers]
429,Suisei Forgets to Mute and Tells Everyone she's Imposter [ENG],CMT
430,ã€Hololiveã€‘Mel Woke Up Pantless After Sleeping With Choco Senseiã€Eng Subã€‘,OtakMori Translations - VTubers
431,"ã€Hololiveã€‘Aqua Explaining ""POG"" to Shionã€Eng Subã€‘",OtakMori Translations - VTubers
432,Fubuki flexing her pronounce english to matsuri,Kozaki
433,Luna gets Mad after being called Bald when she took off her Crownã€Hololive/Eng subã€‘,Sushi [Hololive and Vtubers]
434,Hololive in pain compilation,GuilzZ -
435,Aqua's Red Bull covered gaming desk,blub
436,"Fubuki Is Seriously Doing Advertisements, meanwhile...ã€HOLOLIVEã€‘ã€ENG SUBã€‘",V Clip n' Subs
437,Luna Pushes Subaru Down after she Rates her Cooking Poorly [ENG],CMT
438,Aqua Invites Herself to Stay at Subaru's IRL House via Minecraft Chat [ENG],CMT
439,Pekora knows that Kiara was crying during Pekora's part / hololive 2nd fesã€Hololive/Eng subã€‘,Sushi [Hololive and Vtubers]
440,"Kiara: ""Omae"" is rarely used among girls / Subaru: Omaeeeee!ã€Hololive/Eng subã€‘",Sushi [Hololive and Vtubers]
441,ãª ã‚“ ã‹ ã„ ãˆ ã‚ˆ / Say something.,Marine Ch. å®é˜ãƒãƒªãƒ³
442,Nakiri Ayame â€“ Stream Ends When?,lyger VTuber translations
443,ã€Hololiveã€‘Just some cuteness of Aya-Suba,Poiteto
444,Miko Elite gender equality,Kopla Vtuber Clips
445,Kanata Flexes her New English that she Learned Through Memes [ENG],CMT
446,Matsuri Endures Fubuki's Non-Stop Teasing after Losing Every Game [ENG],CMT
447,"ã€Hololiveã€‘Pekora: ""Mama, I'm a Vtuber""ã€Eng Subã€‘",OtakMori Translations - VTubers
448,Korone pays the ultimate price for hurting Okayu,Zestyable
449,Inugami Korone & Nekomata Okayu - Building their Minecraft house,Zestyable
450,BAD DOG KORONE,Jibrilia
451,Fubuki Driving Skills ã€ PUBG ã€‘,Rezado-subs
452,Marine do Ice skating again with Korone's bodyã€Hololive/Eng subã€‘ã€Houshou Marine/Inugami Koroneã€‘,Sushi [Hololive and Vtubers]
453,40(?) year old Senchou dances,Rendesuyo
454,"Suisei Eats her First Vegetable, Shocking Anemachi & Kanata [ENG]",CMT
455,Pekora witness Moona & Iofi house drama,Jibrilia
456,ã€Sakura Mikoã€‘ Miko GTA V Funny Moments | GTA V Highlights,Mechanico
457,Pekora & Moona get stalked by Shishiro Botan; Pekora makes Moona say rude Japanese words to her,Neko Mikuri å¯è¾¼ã¿ãã‚Š
458,Shion Gets Called Flat,Virtuals Translated
459,Miko Discovers that Pekora is Ticklish while Playing Arcade Games (WACCA) {3D} [ENG],CMT
460,"Fubuki, Subaru, Suisei, Haato are Forced to Confess Their Sins",HoloLive etc Cuts
461,"Usada Pekora & Sakura Miko compete in a parkour, steal each others stuff, Peko take peoples hostage",Neko Mikuri å¯è¾¼ã¿ãã‚Š
462,"[Eng Sub] Rushia: ""Pekora! Let us ask Noel advice for becoming big breasts""(Uruha Rushia)[Hololive]",Vtuber Collection
463,Miko fell into Suisei and Kanata's trap by herself [Hololive/Eng Sub],veg peg
464,"Ghast spawns perfectly into a room, miko [Hololive/Eng Sub]",veg peg
465,"[Hololive] UNO - Okayu, Korone, Shion and Buraaa!",VtuberBits
466,Unomonã€UNOã€‘,Angle
467,ã€ENG Subã€‘Murasaki Shion - Notices Gura in Chat!!,Vtube Tengoku
468,Natsuiro Matsuri talks about solo Usada Pekoraã€ENG SUB/Hololiveã€‘,HoloLive EngSub Cuts
469,[Hololive] A-chan Ominously Ascends To The Heavens During The Hololive Sports Festival - 5 PoVs,Rice Bowl Ch.
470,Miko Makes Pekora Blush With Her Behind The Scene Story,HoloLive etc Cuts
471,Korone providing lavish meals for Okayu.,Zestyable
472,Sakura Miko gets stepped on and Usada Pekora big laughã€ENG SUB/Hololiveã€‘,HoloLive EngSub Cuts
473,Aqua caught Okayu and Rushia kissing each other,Kopla Vtuber Clips
474,Fubuki staring at Watame horn drilling Lamy,Kopla Vtuber Clips
475,Rushia becomes an imposter but gets suspected immediately and goes insaneã€Hololive/Eng subã€‘,Sushi [Hololive and Vtubers]
476,NO BGM-Kun??? Speak in English Moment Tokino soraã€ Hololive â–· Eng subã€‘,Holo FAV clip
477,ã€ŒENG SUBã€What Kanata Get When Dominating Suisei,RZ Hoshiyomi
478,Gura says HAACHAMA CHAMAAAA,Emma Usui
479,Miko met Luna for the first time,veg peg
480,Korone Spams Everyone with Her Cute Accent (Hololive) [ENG SUB],alim Translations
481,Invisible Pekora Pranks Subaru and Shionã€PekoSuba Warã€‘,HoloLive etc Cuts
482,Korone and A chan : Teasing and Teetee,Bwapii Thex
483,Korone's Flawless Acting Feat. Houshou Marine [ENG],CMT
484,What is This called in English?,Virtuals Translated
485,[Hololive] A-Chan's 2AM Fun Time [ENG SUB],Rice Bowl Ch.
486,ã€Inugami Koroneã€‘water in the fire,tian nya
487,ã€HoloLiveã€‘Pekora Gives a Present and Sends a Message to Sad Moona (Pekora & Moona POV) ã€English Subã€‘,Hensei Productions
488,"Fubuki ""YABE""",Sota Edition
489,Korone Onee san won't hurt you,Kopla Vtuber Clips
490,Tsundere Aqua Trying To Get Shion's Attention,HoloLive etc Cuts
491,Korone Infectionã€UNOã€‘,Angle
492,Inugami Korone - The Weird Accent,Egor XD
493,fubuki forgot to turn on mic [EN SUB],Kozaki
494,ã€ENG Subã€‘Usada Pekora - First Time Meeting Korone,Vtube Tengoku
495,"Fubuki, Suisei, Korone, and Flare's Shadow Duelã€UNOã€‘",Angle
496,Okayu - The Fish Thief (Animal Crossing Fishing Battle),Nuube Clips
497,Minato Aqua : Shion's New Costume Matches Mine,HoloLive etc Cuts
498,ã€ENG SUBã€‘Shion talks with Moona for the first time in Minecraft,VTuber for ALL
499,Himemori Luna - Getting triggered by Haachama cooking,blub
500,Sora Enjoys Stalking Hololive Members,HoloLive etc Cuts
501,Pekora and Marine tell embarrassing tales about each other and show the depth of their relationship,SlatedVirtual
502,ã€ Hololive ã€‘Spicy Curry Challenge.,Rezado-subs
503,Pekora is the BEST Anime Villain!,Food x Food
504,Haachama Watch H-Anime?,Zell Ch.
505,Watames Peko laugh,Anti
506,Shion reacts to Shubangelion and was left speechlessã€Hololive/Eng subã€‘ã€Murasaki Shionã€‘,Sushi [Hololive and Vtubers]
507,Oozora Subaru - Subaru vs Luna,TOKI Vtuber Clips
508,Elite Miko picking up Girls in the street | GTA V,Kopla Vtuber Clips
509,Rushia goes for cola and dies,GusFace12
510,[Sakura Miko] Miko's 300IQ Elite Trap,Helio Translations
511,Korone Relentlessly Teases her Senpai Shion [ENG],CMT
512,ã€Engã€‘OKFAMS hot spring trip. What happened at night,Yukimari Snowball
513,Luna Knows Too Well How To Handle Subaru,HoloLive etc Cuts
514,ã€Hololiveã€‘Luna FLUSTERED By Question on Matsuriã€Eng Subã€‘,OtakMori Translations - VTubers
515,ã€ENG SUBã€‘Luna reveals Matsuriâ€™s honest feelings,VTuber for ALL
516,ã€ENG SUBã€‘Matsuri confesses to Watame in front of Luna,VTuber for ALL
517,Kanatan's sexy-man voice is too much for Sui-chan,FloatingGhost
518,Oozora Subaru trying to impersonate Himemori Luna,Smurfi
519,Coco was being scolded by staff during 3D streamã€Hololive/Eng subã€‘ã€Kiryu Cocoã€‘,Sushi [Hololive and Vtubers]
520,"Did you call me Koro-san, Pekora? [Hololive/Eng Sub]",veg peg
521,ã€ENG SUBã€‘Pekora and Noelâ€™s English battle,VTuber for ALL
522,ã€ Hololive ã€‘Deadly Game Of Tag.,Rezado-subs
523,Matsuri x Luna â€“ Lovers' Spat (Part 3),lyger VTuber translations
524,Fubuki and Miko with 6 pack abs,Kopla Vtuber Clips
525,ã€Hololiveã€‘Matsuri can't help pampering Luna Part2 (2/2),ã‚¢ãƒ³ãƒŒå›
526,"Aqua too awkward to say no, gets dragged off on random adventure ft. Sakura Miko and Shiranui Flare",blub
527,Pekora has a little problem with concrete + Moona impression ã€Hololive/Eng Subã€‘ã€Minecraftã€‘,VTuberSubs
528,FAQ POOLIS,95%Oxygen
529,"ã€ENG SUBã€‘Miko, the stay home police (GTA5)",VTuber for ALL
530,Aqua is So Small that Marine thought She Went Missing [ENG],CMT
531,Matsuri x Luna â€“ Lovers' Spat,lyger VTuber translations
532,ğ—Ÿğ—¨ğ— ğ—”ğ—¢,95%Oxygen
533,Matsuri x Luna â€“ Hard to Get,lyger VTuber translations
534,Funny Boi,95%Oxygen
535,Aqua finds an RPG,Anti
536,MICHAELLLLLLLLL,95%Oxygen
537,Space Ranger Pikamee Embarrasses Herself,Just Vtuber Moments
538,Uruha Rushia sneezes but it causes an explosion in your ears,StickNut
539,ã€Hololiveã€‘Pekora: Usada Trade Centerã€Minecraftã€‘ã€Eng Subã€‘,OtakMori Translations - VTubers
540,ã€ENG SUBã€‘Marine counts the human beings in Hololive,VTuber for ALL
541,ã€Hololiveã€‘Aqua: Baka? IQ 5? IQ 5000?ã€Minecraftã€‘ã€Eng Subã€‘,OtakMori Translations - VTubers
542,Matsuri x Sora â€“ Senpai Surprise,lyger VTuber translations
543,ã€Hololiveã€‘JP x EN X ID Among Us Collaboration (Part 1)ã€All POVã€‘ã€Eng Subã€‘,OtakMori Translations - VTubers
544,Sakura Miko & Coco Meme Review: Return & Boing Boing Rushia (Hololive) [ENG SUB],-Double Negative-
545,Sakura miko meets Card swipe in Among Us,Kopla Vtuber Clips
546,"ã€Hololiveã€‘Suisei, Anemachi, and Okonomiyakiã€English Subã€‘",Kawazoi Translations
547,Usada Construction Has Started Human Trafficking Businessã€Hololiveã€‘,HoloLive etc Cuts
548,Sakura Miko Elite Venting in Among Us,Kopla Vtuber Clips
549,ã€ENG SUBã€‘Marine changes her attitude 180 Â°,VTuber for ALL
550,Towa Killed Sakura miko and stuff happened | Among Us,Kopla Vtuber Clips
551,Aqua shows her courage to ask for dinnerã€Animated Hololive/Eng subã€‘ã€Minato Aqua/Oozora Subaruã€‘,Mochimiko_EN
552,Rabbit makes a cactus trashcan,VTuberSubs
553,SORA MOUNTAIN DESTROYED ã€PEKORA TOWA TNT PRANKã€‘ ã€Hololiveã€‘ã€Eng Subã€‘,Hololive è‰ Ku-Subs
554,[Hoshou Marine] When Senchou cutely bothers everyone in the office [ENG SUB],Dahh
555,Pekora getting got by her viewers,Aonahara Translations
556,Aqua can't order at a restaurant aloneã€Animated Hololive/Eng subã€‘ã€Minato Aqua/Murasaki Shionã€‘,Mochimiko_EN
557,Episode about Noel's brotherã€Animated Hololive/Eng subã€‘ã€Shirogane Noel/Tsunomaki Watameã€‘,Mochimiko_EN
558,Shion Pro FPS Player Movement,Bbubam
559,Aqua Invades Shion's New House and Invites Marine To Join The Fun,HoloLive etc Cuts
560,Haachama Death Coaster Turned Into Comedic Coasterã€Hololiveã€‘,HoloLive etc Cuts
561,ã€HoloLiveã€‘MOONAAAAAAAAAA!!! ã€English Subã€‘,Hensei Productions
562,Miko meets Trevor's Mom & her Last Date with Michael [ENG SUB],Qubec
563,My Parents Found out I'm a VTuber! - Hoshimachi Suisei,Virtuals Translated
564,"[Hololive] Pekora vs Noel: ""Getting Over It"" Duel (WARNING: CONTAINS SMUG PEKORA)",indigo
565,5G,ç·‹ç¬ ãƒˆãƒ¢ã‚·ã‚« - Tomoshika Hikasa -
566,ã€Hololiveã€‘Pekora & Moona: Usada OR Akukin Constructionã€Minecraftã€‘ã€Eng Subã€‘,OtakMori Translations - VTubers
567,Sora falls off chair and dies,BiggZim Ch.
568,Pekora and Suisei flexing their english,Kaoruko é¦™å­
569,Mel gets a little more than she bargained for,yamete kudasubs
570,ã€Hololiveã€‘Pekora's Ingenious Plan ft. Sora & Towaã€Eng Subã€‘,OtakMori Translations - VTubers
571,Hololive PekoMIko Minecraft - Fighting over who will sleep beside Sora!!,BTG
572,ã€HoloLiveã€‘Miko Teaches Elite English ã€English Subã€‘,Hensei Productions
573,Moona Hoshinova and Yozora Mel POV When Pekora Flexing Her English Skillsã€Hololive English Subã€‘,Kiriku Translation
574,Hoshimachi Suisei - What awaits her in the hololive server on her first day?!,HoloLive etc Cuts
